method,vehicle_id,route,customers_served,load_units,capacity_units,distance_km
Baseline,1,0 -> 38 -> 3 -> 35 -> 10 -> 39 -> 34 -> 25 -> 23 -> 14 -> 31 -> 0,10,100,100,35.806
Baseline,2,0 -> 19 -> 4 -> 37 -> 22 -> 12 -> 1 -> 6 -> 0,7,99,100,35.603
Baseline,3,0 -> 27 -> 20 -> 28 -> 9 -> 16 -> 30 -> 17 -> 15 -> 0,8,100,100,24.87
Baseline,4,0 -> 40 -> 36 -> 5 -> 32 -> 7 -> 11 -> 18 -> 0,7,95,100,37.644
Baseline,5,0 -> 13 -> 26 -> 33 -> 24 -> 8 -> 29 -> 2 -> 0,7,91,100,46.295
Baseline,6,0 -> 21 -> 0,1,19,100,17.846
OR-Tools,1,0 -> 28 -> 9 -> 16 -> 30 -> 32 -> 5 -> 36 -> 40 -> 0,8,100,100,27.687
OR-Tools,2,0 -> 34 -> 12 -> 31 -> 22 -> 23 -> 25 -> 19 -> 0,7,99,100,26.813
OR-Tools,3,0 -> 15 -> 18 -> 11 -> 7 -> 17 -> 20 -> 27 -> 0,7,95,100,29.014
OR-Tools,4,0 -> 21 -> 6 -> 1 -> 2 -> 14 -> 37 -> 4 -> 0,7,89,100,25.643
OR-Tools,5,0 -> 13 -> 26 -> 33 -> 24 -> 8 -> 29 -> 10 -> 39 -> 0,8,91,100,32.392
OR-Tools,6,0 -> 38 -> 35 -> 3 -> 0,3,30,100,10.884
